STATION;NAME;LATITUDE;LONGITUDE;ELEVATION;DATE;AWND
USW00093987;LUFKIN ANGELINA CO AIRPORT, TX US;31.23611;-94.75444;87,8;01.08.1995;5
USW00093987;LUFKIN ANGELINA CO AIRPORT, TX US;31.23611;-94.75444;87,8;02.08.1995;3
USW00093987;LUFKIN ANGELINA CO AIRPORT, TX US;31.23611;-94.75444;87,8;03.08.1995;1,3
USW00093987;LUFKIN ANGELINA CO AIRPORT, TX US;31.23611;-94.75444;87,8;04.08.1995;1,9
USW00093987;LUFKIN ANGELINA CO AIRPORT, TX US;31.23611;-94.75444;87,8;05.08.1995;2,5
USW00093987;LUFKIN ANGELINA CO AIRPORT, TX US;31.23611;-94.75444;87,8;06.08.1995;2,3
USW00093987;LUFKIN ANGELINA CO AIRPORT, TX US;31.23611;-94.75444;87,8;07.08.1995;2,6
USW00093987;LUFKIN ANGELINA CO AIRPORT, TX US;31.23611;-94.75444;87,8;08.08.1995;2,5
USW00093987;LUFKIN ANGELINA CO AIRPORT, TX US;31.23611;-94.75444;87,8;09.08.1995;1
USW00093987;LUFKIN ANGELINA CO AIRPORT, TX US;31.23611;-94.75444;87,8;10.08.1995;2
USW00093987;LUFKIN ANGELINA CO AIRPORT, TX US;31.23611;-94.75444;87,8;11.08.1995;2,3
USW00093987;LUFKIN ANGELINA CO AIRPORT, TX US;31.23611;-94.75444;87,8;12.08.1995;1,6
USW00093987;LUFKIN ANGELINA CO AIRPORT, TX US;31.23611;-94.75444;87,8;13.08.1995;1,9
USW00093987;LUFKIN ANGELINA CO AIRPORT, TX US;31.23611;-94.75444;87,8;14.08.1995;2,1
USW00093987;LUFKIN ANGELINA CO AIRPORT, TX US;31.23611;-94.75444;87,8;15.08.1995;2,5
USW00093987;LUFKIN ANGELINA CO AIRPORT, TX US;31.23611;-94.75444;87,8;16.08.1995;1,2
USW00093987;LUFKIN ANGELINA CO AIRPORT, TX US;31.23611;-94.75444;87,8;17.08.1995;1,2
USW00093987;LUFKIN ANGELINA CO AIRPORT, TX US;31.23611;-94.75444;87,8;18.08.1995;1,9
USW00093987;LUFKIN ANGELINA CO AIRPORT, TX US;31.23611;-94.75444;87,8;19.08.1995;2,4
USW00093987;LUFKIN ANGELINA CO AIRPORT, TX US;31.23611;-94.75444;87,8;20.08.1995;1,8
USW00093987;LUFKIN ANGELINA CO AIRPORT, TX US;31.23611;-94.75444;87,8;21.08.1995;2,6
USW00093987;LUFKIN ANGELINA CO AIRPORT, TX US;31.23611;-94.75444;87,8;22.08.1995;3,2
USW00093987;LUFKIN ANGELINA CO AIRPORT, TX US;31.23611;-94.75444;87,8;23.08.1995;2,5
USW00093987;LUFKIN ANGELINA CO AIRPORT, TX US;31.23611;-94.75444;87,8;24.08.1995;2,2
USW00093987;LUFKIN ANGELINA CO AIRPORT, TX US;31.23611;-94.75444;87,8;25.08.1995;2
USW00093987;LUFKIN ANGELINA CO AIRPORT, TX US;31.23611;-94.75444;87,8;26.08.1995;1,3
USW00093987;LUFKIN ANGELINA CO AIRPORT, TX US;31.23611;-94.75444;87,8;27.08.1995;1,3
USW00093987;LUFKIN ANGELINA CO AIRPORT, TX US;31.23611;-94.75444;87,8;28.08.1995;1,3
USW00093987;LUFKIN ANGELINA CO AIRPORT, TX US;31.23611;-94.75444;87,8;29.08.1995;0,6
USW00093987;LUFKIN ANGELINA CO AIRPORT, TX US;31.23611;-94.75444;87,8;30.08.1995;1,1
USW00093987;LUFKIN ANGELINA CO AIRPORT, TX US;31.23611;-94.75444;87,8;31.08.1995;1,3
USW00023042;LUBBOCK INTERNATIONAL AIRPORT, TX US;33.6656;-101.8231;991,8;01.08.1995;8,5
USW00023042;LUBBOCK INTERNATIONAL AIRPORT, TX US;33.6656;-101.8231;991,8;02.08.1995;7,8
USW00023042;LUBBOCK INTERNATIONAL AIRPORT, TX US;33.6656;-101.8231;991,8;03.08.1995;6,3
USW00023042;LUBBOCK INTERNATIONAL AIRPORT, TX US;33.6656;-101.8231;991,8;04.08.1995;5,3
USW00023042;LUBBOCK INTERNATIONAL AIRPORT, TX US;33.6656;-101.8231;991,8;05.08.1995;4,1
USW00023042;LUBBOCK INTERNATIONAL AIRPORT, TX US;33.6656;-101.8231;991,8;06.08.1995;5,3
USW00023042;LUBBOCK INTERNATIONAL AIRPORT, TX US;33.6656;-101.8231;991,8;07.08.1995;5,1
USW00023042;LUBBOCK INTERNATIONAL AIRPORT, TX US;33.6656;-101.8231;991,8;08.08.1995;6,8
USW00023042;LUBBOCK INTERNATIONAL AIRPORT, TX US;33.6656;-101.8231;991,8;09.08.1995;6,8
USW00023042;LUBBOCK INTERNATIONAL AIRPORT, TX US;33.6656;-101.8231;991,8;10.08.1995;6,2
USW00023042;LUBBOCK INTERNATIONAL AIRPORT, TX US;33.6656;-101.8231;991,8;11.08.1995;6
USW00023042;LUBBOCK INTERNATIONAL AIRPORT, TX US;33.6656;-101.8231;991,8;12.08.1995;5,5
USW00023042;LUBBOCK INTERNATIONAL AIRPORT, TX US;33.6656;-101.8231;991,8;13.08.1995;6,7
USW00023042;LUBBOCK INTERNATIONAL AIRPORT, TX US;33.6656;-101.8231;991,8;14.08.1995;6,5
USW00023042;LUBBOCK INTERNATIONAL AIRPORT, TX US;33.6656;-101.8231;991,8;15.08.1995;4,7
USW00023042;LUBBOCK INTERNATIONAL AIRPORT, TX US;33.6656;-101.8231;991,8;16.08.1995;5,4
USW00023042;LUBBOCK INTERNATIONAL AIRPORT, TX US;33.6656;-101.8231;991,8;17.08.1995;7,2
USW00023042;LUBBOCK INTERNATIONAL AIRPORT, TX US;33.6656;-101.8231;991,8;18.08.1995;5,5
USW00023042;LUBBOCK INTERNATIONAL AIRPORT, TX US;33.6656;-101.8231;991,8;19.08.1995;4,1
USW00023042;LUBBOCK INTERNATIONAL AIRPORT, TX US;33.6656;-101.8231;991,8;20.08.1995;3,2
USW00023042;LUBBOCK INTERNATIONAL AIRPORT, TX US;33.6656;-101.8231;991,8;21.08.1995;3,4
USW00023042;LUBBOCK INTERNATIONAL AIRPORT, TX US;33.6656;-101.8231;991,8;22.08.1995;4
USW00023042;LUBBOCK INTERNATIONAL AIRPORT, TX US;33.6656;-101.8231;991,8;23.08.1995;3,4
USW00023042;LUBBOCK INTERNATIONAL AIRPORT, TX US;33.6656;-101.8231;991,8;24.08.1995;3,4
USW00023042;LUBBOCK INTERNATIONAL AIRPORT, TX US;33.6656;-101.8231;991,8;25.08.1995;4
USW00023042;LUBBOCK INTERNATIONAL AIRPORT, TX US;33.6656;-101.8231;991,8;26.08.1995;4,5
USW00023042;LUBBOCK INTERNATIONAL AIRPORT, TX US;33.6656;-101.8231;991,8;27.08.1995;3,5
USW00023042;LUBBOCK INTERNATIONAL AIRPORT, TX US;33.6656;-101.8231;991,8;28.08.1995;3,6
USW00023042;LUBBOCK INTERNATIONAL AIRPORT, TX US;33.6656;-101.8231;991,8;29.08.1995;4,2
USW00023042;LUBBOCK INTERNATIONAL AIRPORT, TX US;33.6656;-101.8231;991,8;30.08.1995;5
USW00023042;LUBBOCK INTERNATIONAL AIRPORT, TX US;33.6656;-101.8231;991,8;31.08.1995;4,1
USW00023044;EL PASO INTERNATIONAL AIRPORT, TX US;31.81111;-106.37583;1194,2;01.08.1995;3,1
USW00023044;EL PASO INTERNATIONAL AIRPORT, TX US;31.81111;-106.37583;1194,2;02.08.1995;1,6
USW00023044;EL PASO INTERNATIONAL AIRPORT, TX US;31.81111;-106.37583;1194,2;03.08.1995;2,5
USW00023044;EL PASO INTERNATIONAL AIRPORT, TX US;31.81111;-106.37583;1194,2;04.08.1995;2,7
USW00023044;EL PASO INTERNATIONAL AIRPORT, TX US;31.81111;-106.37583;1194,2;05.08.1995;3,8
USW00023044;EL PASO INTERNATIONAL AIRPORT, TX US;31.81111;-106.37583;1194,2;06.08.1995;3
USW00023044;EL PASO INTERNATIONAL AIRPORT, TX US;31.81111;-106.37583;1194,2;07.08.1995;3,8
USW00023044;EL PASO INTERNATIONAL AIRPORT, TX US;31.81111;-106.37583;1194,2;08.08.1995;3,6
USW00023044;EL PASO INTERNATIONAL AIRPORT, TX US;31.81111;-106.37583;1194,2;09.08.1995;2,4
USW00023044;EL PASO INTERNATIONAL AIRPORT, TX US;31.81111;-106.37583;1194,2;10.08.1995;3,3
USW00023044;EL PASO INTERNATIONAL AIRPORT, TX US;31.81111;-106.37583;1194,2;11.08.1995;3,1
USW00023044;EL PASO INTERNATIONAL AIRPORT, TX US;31.81111;-106.37583;1194,2;12.08.1995;4,3
USW00023044;EL PASO INTERNATIONAL AIRPORT, TX US;31.81111;-106.37583;1194,2;13.08.1995;3,2
USW00023044;EL PASO INTERNATIONAL AIRPORT, TX US;31.81111;-106.37583;1194,2;14.08.1995;3,9
USW00023044;EL PASO INTERNATIONAL AIRPORT, TX US;31.81111;-106.37583;1194,2;15.08.1995;3,1
USW00023044;EL PASO INTERNATIONAL AIRPORT, TX US;31.81111;-106.37583;1194,2;16.08.1995;3,8
USW00023044;EL PASO INTERNATIONAL AIRPORT, TX US;31.81111;-106.37583;1194,2;17.08.1995;3
USW00023044;EL PASO INTERNATIONAL AIRPORT, TX US;31.81111;-106.37583;1194,2;18.08.1995;2
USW00023044;EL PASO INTERNATIONAL AIRPORT, TX US;31.81111;-106.37583;1194,2;19.08.1995;6,3
USW00023044;EL PASO INTERNATIONAL AIRPORT, TX US;31.81111;-106.37583;1194,2;20.08.1995;3,6
USW00023044;EL PASO INTERNATIONAL AIRPORT, TX US;31.81111;-106.37583;1194,2;21.08.1995;3,6
USW00023044;EL PASO INTERNATIONAL AIRPORT, TX US;31.81111;-106.37583;1194,2;22.08.1995;3,7
USW00023044;EL PASO INTERNATIONAL AIRPORT, TX US;31.81111;-106.37583;1194,2;23.08.1995;3,1
USW00023044;EL PASO INTERNATIONAL AIRPORT, TX US;31.81111;-106.37583;1194,2;24.08.1995;2,1
USW00023044;EL PASO INTERNATIONAL AIRPORT, TX US;31.81111;-106.37583;1194,2;25.08.1995;2,2
USW00023044;EL PASO INTERNATIONAL AIRPORT, TX US;31.81111;-106.37583;1194,2;26.08.1995;3,4
USW00023044;EL PASO INTERNATIONAL AIRPORT, TX US;31.81111;-106.37583;1194,2;27.08.1995;3
USW00023044;EL PASO INTERNATIONAL AIRPORT, TX US;31.81111;-106.37583;1194,2;28.08.1995;2,3
USW00023044;EL PASO INTERNATIONAL AIRPORT, TX US;31.81111;-106.37583;1194,2;29.08.1995;2,2
USW00023044;EL PASO INTERNATIONAL AIRPORT, TX US;31.81111;-106.37583;1194,2;30.08.1995;2,8
USW00023044;EL PASO INTERNATIONAL AIRPORT, TX US;31.81111;-106.37583;1194,2;31.08.1995;3,4
USW00023047;AMARILLO INTERNATIONAL AIRPORT, TX US;35.2295;-101.7042;1098,5;01.08.1995;6,7
USW00023047;AMARILLO INTERNATIONAL AIRPORT, TX US;35.2295;-101.7042;1098,5;02.08.1995;5,1
USW00023047;AMARILLO INTERNATIONAL AIRPORT, TX US;35.2295;-101.7042;1098,5;03.08.1995;4,4
USW00023047;AMARILLO INTERNATIONAL AIRPORT, TX US;35.2295;-101.7042;1098,5;04.08.1995;3,5
USW00023047;AMARILLO INTERNATIONAL AIRPORT, TX US;35.2295;-101.7042;1098,5;05.08.1995;5,3
USW00023047;AMARILLO INTERNATIONAL AIRPORT, TX US;35.2295;-101.7042;1098,5;06.08.1995;5,8
USW00023047;AMARILLO INTERNATIONAL AIRPORT, TX US;35.2295;-101.7042;1098,5;07.08.1995;6,9
USW00023047;AMARILLO INTERNATIONAL AIRPORT, TX US;35.2295;-101.7042;1098,5;08.08.1995;7,8
USW00023047;AMARILLO INTERNATIONAL AIRPORT, TX US;35.2295;-101.7042;1098,5;09.08.1995;8,2
USW00023047;AMARILLO INTERNATIONAL AIRPORT, TX US;35.2295;-101.7042;1098,5;10.08.1995;7,1
USW00023047;AMARILLO INTERNATIONAL AIRPORT, TX US;35.2295;-101.7042;1098,5;11.08.1995;7,7
USW00023047;AMARILLO INTERNATIONAL AIRPORT, TX US;35.2295;-101.7042;1098,5;12.08.1995;7,1
USW00023047;AMARILLO INTERNATIONAL AIRPORT, TX US;35.2295;-101.7042;1098,5;13.08.1995;7,2
USW00023047;AMARILLO INTERNATIONAL AIRPORT, TX US;35.2295;-101.7042;1098,5;14.08.1995;5,4
USW00023047;AMARILLO INTERNATIONAL AIRPORT, TX US;35.2295;-101.7042;1098,5;15.08.1995;5
USW00023047;AMARILLO INTERNATIONAL AIRPORT, TX US;35.2295;-101.7042;1098,5;16.08.1995;6,7
USW00023047;AMARILLO INTERNATIONAL AIRPORT, TX US;35.2295;-101.7042;1098,5;17.08.1995;7,8
USW00023047;AMARILLO INTERNATIONAL AIRPORT, TX US;35.2295;-101.7042;1098,5;18.08.1995;6,4
USW00023047;AMARILLO INTERNATIONAL AIRPORT, TX US;35.2295;-101.7042;1098,5;19.08.1995;3,7
USW00023047;AMARILLO INTERNATIONAL AIRPORT, TX US;35.2295;-101.7042;1098,5;20.08.1995;3,6
USW00023047;AMARILLO INTERNATIONAL AIRPORT, TX US;35.2295;-101.7042;1098,5;21.08.1995;3,7
USW00023047;AMARILLO INTERNATIONAL AIRPORT, TX US;35.2295;-101.7042;1098,5;22.08.1995;3,9
USW00023047;AMARILLO INTERNATIONAL AIRPORT, TX US;35.2295;-101.7042;1098,5;23.08.1995;4,7
USW00023047;AMARILLO INTERNATIONAL AIRPORT, TX US;35.2295;-101.7042;1098,5;24.08.1995;5,3
USW00023047;AMARILLO INTERNATIONAL AIRPORT, TX US;35.2295;-101.7042;1098,5;25.08.1995;5,5
USW00023047;AMARILLO INTERNATIONAL AIRPORT, TX US;35.2295;-101.7042;1098,5;26.08.1995;4,1
USW00023047;AMARILLO INTERNATIONAL AIRPORT, TX US;35.2295;-101.7042;1098,5;27.08.1995;4,1
USW00023047;AMARILLO INTERNATIONAL AIRPORT, TX US;35.2295;-101.7042;1098,5;28.08.1995;4,7
USW00023047;AMARILLO INTERNATIONAL AIRPORT, TX US;35.2295;-101.7042;1098,5;29.08.1995;5,7
USW00023047;AMARILLO INTERNATIONAL AIRPORT, TX US;35.2295;-101.7042;1098,5;30.08.1995;6,3
USW00023047;AMARILLO INTERNATIONAL AIRPORT, TX US;35.2295;-101.7042;1098,5;31.08.1995;5
USW00023023;MIDLAND INTERNATIONAL AIRPORT, TX US;31.9475;-102.2086;872,3;01.08.1995;8,2
USW00023023;MIDLAND INTERNATIONAL AIRPORT, TX US;31.9475;-102.2086;872,3;02.08.1995;4,7
USW00023023;MIDLAND INTERNATIONAL AIRPORT, TX US;31.9475;-102.2086;872,3;03.08.1995;4,4
USW00023023;MIDLAND INTERNATIONAL AIRPORT, TX US;31.9475;-102.2086;872,3;04.08.1995;4,3
USW00023023;MIDLAND INTERNATIONAL AIRPORT, TX US;31.9475;-102.2086;872,3;05.08.1995;4,2
USW00023023;MIDLAND INTERNATIONAL AIRPORT, TX US;31.9475;-102.2086;872,3;06.08.1995;4,4
USW00023023;MIDLAND INTERNATIONAL AIRPORT, TX US;31.9475;-102.2086;872,3;07.08.1995;4,7
USW00023023;MIDLAND INTERNATIONAL AIRPORT, TX US;31.9475;-102.2086;872,3;08.08.1995;6,2
USW00023023;MIDLAND INTERNATIONAL AIRPORT, TX US;31.9475;-102.2086;872,3;09.08.1995;6,2
USW00023023;MIDLAND INTERNATIONAL AIRPORT, TX US;31.9475;-102.2086;872,3;10.08.1995;5,3
USW00023023;MIDLAND INTERNATIONAL AIRPORT, TX US;31.9475;-102.2086;872,3;11.08.1995;5,8
USW00023023;MIDLAND INTERNATIONAL AIRPORT, TX US;31.9475;-102.2086;872,3;12.08.1995;5,2
USW00023023;MIDLAND INTERNATIONAL AIRPORT, TX US;31.9475;-102.2086;872,3;13.08.1995;7,1
USW00023023;MIDLAND INTERNATIONAL AIRPORT, TX US;31.9475;-102.2086;872,3;14.08.1995;6,3
USW00023023;MIDLAND INTERNATIONAL AIRPORT, TX US;31.9475;-102.2086;872,3;15.08.1995;4,2
USW00023023;MIDLAND INTERNATIONAL AIRPORT, TX US;31.9475;-102.2086;872,3;16.08.1995;5,8
USW00023023;MIDLAND INTERNATIONAL AIRPORT, TX US;31.9475;-102.2086;872,3;17.08.1995;5,5
USW00023023;MIDLAND INTERNATIONAL AIRPORT, TX US;31.9475;-102.2086;872,3;18.08.1995;5,3
USW00023023;MIDLAND INTERNATIONAL AIRPORT, TX US;31.9475;-102.2086;872,3;19.08.1995;4,7
USW00023023;MIDLAND INTERNATIONAL AIRPORT, TX US;31.9475;-102.2086;872,3;20.08.1995;3,8
USW00023023;MIDLAND INTERNATIONAL AIRPORT, TX US;31.9475;-102.2086;872,3;21.08.1995;3,8
USW00023023;MIDLAND INTERNATIONAL AIRPORT, TX US;31.9475;-102.2086;872,3;22.08.1995;4,6
USW00023023;MIDLAND INTERNATIONAL AIRPORT, TX US;31.9475;-102.2086;872,3;23.08.1995;3,8
USW00023023;MIDLAND INTERNATIONAL AIRPORT, TX US;31.9475;-102.2086;872,3;24.08.1995;4
USW00023023;MIDLAND INTERNATIONAL AIRPORT, TX US;31.9475;-102.2086;872,3;25.08.1995;4,2
USW00023023;MIDLAND INTERNATIONAL AIRPORT, TX US;31.9475;-102.2086;872,3;26.08.1995;4,2
USW00023023;MIDLAND INTERNATIONAL AIRPORT, TX US;31.9475;-102.2086;872,3;27.08.1995;3,4
USW00023023;MIDLAND INTERNATIONAL AIRPORT, TX US;31.9475;-102.2086;872,3;28.08.1995;3,9
USW00023023;MIDLAND INTERNATIONAL AIRPORT, TX US;31.9475;-102.2086;872,3;29.08.1995;4,2
USW00023023;MIDLAND INTERNATIONAL AIRPORT, TX US;31.9475;-102.2086;872,3;30.08.1995;4,1
USW00023023;MIDLAND INTERNATIONAL AIRPORT, TX US;31.9475;-102.2086;872,3;31.08.1995;5,4
USW00023034;SAN ANGELO MATHIS FIELD, TX US;31.35167;-100.495;584;01.08.1995;7,4
USW00023034;SAN ANGELO MATHIS FIELD, TX US;31.35167;-100.495;584;02.08.1995;3,7
USW00023034;SAN ANGELO MATHIS FIELD, TX US;31.35167;-100.495;584;03.08.1995;3,1
USW00023034;SAN ANGELO MATHIS FIELD, TX US;31.35167;-100.495;584;04.08.1995;2,9
USW00023034;SAN ANGELO MATHIS FIELD, TX US;31.35167;-100.495;584;05.08.1995;2,7
USW00023034;SAN ANGELO MATHIS FIELD, TX US;31.35167;-100.495;584;06.08.1995;3,4
USW00023034;SAN ANGELO MATHIS FIELD, TX US;31.35167;-100.495;584;07.08.1995;3,7
USW00023034;SAN ANGELO MATHIS FIELD, TX US;31.35167;-100.495;584;08.08.1995;5,4
USW00023034;SAN ANGELO MATHIS FIELD, TX US;31.35167;-100.495;584;09.08.1995;5,1
USW00023034;SAN ANGELO MATHIS FIELD, TX US;31.35167;-100.495;584;10.08.1995;4,4
USW00023034;SAN ANGELO MATHIS FIELD, TX US;31.35167;-100.495;584;11.08.1995;3,7
USW00023034;SAN ANGELO MATHIS FIELD, TX US;31.35167;-100.495;584;12.08.1995;3,9
USW00023034;SAN ANGELO MATHIS FIELD, TX US;31.35167;-100.495;584;13.08.1995;5,2
USW00023034;SAN ANGELO MATHIS FIELD, TX US;31.35167;-100.495;584;14.08.1995;5,8
USW00023034;SAN ANGELO MATHIS FIELD, TX US;31.35167;-100.495;584;15.08.1995;4,8
USW00023034;SAN ANGELO MATHIS FIELD, TX US;31.35167;-100.495;584;16.08.1995;5,6
USW00023034;SAN ANGELO MATHIS FIELD, TX US;31.35167;-100.495;584;17.08.1995;5,4
USW00023034;SAN ANGELO MATHIS FIELD, TX US;31.35167;-100.495;584;18.08.1995;4,7
USW00023034;SAN ANGELO MATHIS FIELD, TX US;31.35167;-100.495;584;19.08.1995;3,8
USW00023034;SAN ANGELO MATHIS FIELD, TX US;31.35167;-100.495;584;20.08.1995;2,8
USW00023034;SAN ANGELO MATHIS FIELD, TX US;31.35167;-100.495;584;21.08.1995;2,2
USW00023034;SAN ANGELO MATHIS FIELD, TX US;31.35167;-100.495;584;22.08.1995;3,4
USW00023034;SAN ANGELO MATHIS FIELD, TX US;31.35167;-100.495;584;23.08.1995;3,5
USW00023034;SAN ANGELO MATHIS FIELD, TX US;31.35167;-100.495;584;24.08.1995;3
USW00023034;SAN ANGELO MATHIS FIELD, TX US;31.35167;-100.495;584;25.08.1995;3,7
USW00023034;SAN ANGELO MATHIS FIELD, TX US;31.35167;-100.495;584;26.08.1995;2,9
USW00023034;SAN ANGELO MATHIS FIELD, TX US;31.35167;-100.495;584;27.08.1995;3
USW00023034;SAN ANGELO MATHIS FIELD, TX US;31.35167;-100.495;584;28.08.1995;3
USW00023034;SAN ANGELO MATHIS FIELD, TX US;31.35167;-100.495;584;29.08.1995;3,4
USW00023034;SAN ANGELO MATHIS FIELD, TX US;31.35167;-100.495;584;30.08.1995;4,4
USW00023034;SAN ANGELO MATHIS FIELD, TX US;31.35167;-100.495;584;31.08.1995;3,5
USW00012919;BROWNSVILLE S PADRE ISLAND INTERNATIONAL AIRPORT, TX US;25.9141;-97.423;7,3;01.08.1995;5,5
USW00012919;BROWNSVILLE S PADRE ISLAND INTERNATIONAL AIRPORT, TX US;25.9141;-97.423;7,3;02.08.1995;3,8
USW00012919;BROWNSVILLE S PADRE ISLAND INTERNATIONAL AIRPORT, TX US;25.9141;-97.423;7,3;03.08.1995;3,8
USW00012919;BROWNSVILLE S PADRE ISLAND INTERNATIONAL AIRPORT, TX US;25.9141;-97.423;7,3;04.08.1995;4,1
USW00012919;BROWNSVILLE S PADRE ISLAND INTERNATIONAL AIRPORT, TX US;25.9141;-97.423;7,3;05.08.1995;4,3
USW00012919;BROWNSVILLE S PADRE ISLAND INTERNATIONAL AIRPORT, TX US;25.9141;-97.423;7,3;06.08.1995;2,2
USW00012919;BROWNSVILLE S PADRE ISLAND INTERNATIONAL AIRPORT, TX US;25.9141;-97.423;7,3;07.08.1995;3,5
USW00012919;BROWNSVILLE S PADRE ISLAND INTERNATIONAL AIRPORT, TX US;25.9141;-97.423;7,3;08.08.1995;3,8
USW00012919;BROWNSVILLE S PADRE ISLAND INTERNATIONAL AIRPORT, TX US;25.9141;-97.423;7,3;09.08.1995;4,5
USW00012919;BROWNSVILLE S PADRE ISLAND INTERNATIONAL AIRPORT, TX US;25.9141;-97.423;7,3;10.08.1995;2,9
USW00012919;BROWNSVILLE S PADRE ISLAND INTERNATIONAL AIRPORT, TX US;25.9141;-97.423;7,3;11.08.1995;5,7
USW00012919;BROWNSVILLE S PADRE ISLAND INTERNATIONAL AIRPORT, TX US;25.9141;-97.423;7,3;12.08.1995;4,2
USW00012919;BROWNSVILLE S PADRE ISLAND INTERNATIONAL AIRPORT, TX US;25.9141;-97.423;7,3;13.08.1995;4,2
USW00012919;BROWNSVILLE S PADRE ISLAND INTERNATIONAL AIRPORT, TX US;25.9141;-97.423;7,3;14.08.1995;4,4
USW00012919;BROWNSVILLE S PADRE ISLAND INTERNATIONAL AIRPORT, TX US;25.9141;-97.423;7,3;15.08.1995;5
USW00012919;BROWNSVILLE S PADRE ISLAND INTERNATIONAL AIRPORT, TX US;25.9141;-97.423;7,3;16.08.1995;3,7
USW00012919;BROWNSVILLE S PADRE ISLAND INTERNATIONAL AIRPORT, TX US;25.9141;-97.423;7,3;17.08.1995;3,1
USW00012919;BROWNSVILLE S PADRE ISLAND INTERNATIONAL AIRPORT, TX US;25.9141;-97.423;7,3;18.08.1995;3
USW00012919;BROWNSVILLE S PADRE ISLAND INTERNATIONAL AIRPORT, TX US;25.9141;-97.423;7,3;19.08.1995;2,1
USW00012919;BROWNSVILLE S PADRE ISLAND INTERNATIONAL AIRPORT, TX US;25.9141;-97.423;7,3;20.08.1995;1,7
USW00012919;BROWNSVILLE S PADRE ISLAND INTERNATIONAL AIRPORT, TX US;25.9141;-97.423;7,3;21.08.1995;2,8
USW00012919;BROWNSVILLE S PADRE ISLAND INTERNATIONAL AIRPORT, TX US;25.9141;-97.423;7,3;22.08.1995;1,8
USW00012919;BROWNSVILLE S PADRE ISLAND INTERNATIONAL AIRPORT, TX US;25.9141;-97.423;7,3;23.08.1995;1,8
USW00012919;BROWNSVILLE S PADRE ISLAND INTERNATIONAL AIRPORT, TX US;25.9141;-97.423;7,3;24.08.1995;3
USW00012919;BROWNSVILLE S PADRE ISLAND INTERNATIONAL AIRPORT, TX US;25.9141;-97.423;7,3;25.08.1995;2,4
USW00012919;BROWNSVILLE S PADRE ISLAND INTERNATIONAL AIRPORT, TX US;25.9141;-97.423;7,3;26.08.1995;1,7
USW00012919;BROWNSVILLE S PADRE ISLAND INTERNATIONAL AIRPORT, TX US;25.9141;-97.423;7,3;27.08.1995;1,4
USW00012919;BROWNSVILLE S PADRE ISLAND INTERNATIONAL AIRPORT, TX US;25.9141;-97.423;7,3;28.08.1995;1,8
USW00012919;BROWNSVILLE S PADRE ISLAND INTERNATIONAL AIRPORT, TX US;25.9141;-97.423;7,3;29.08.1995;2
USW00012919;BROWNSVILLE S PADRE ISLAND INTERNATIONAL AIRPORT, TX US;25.9141;-97.423;7,3;30.08.1995;1,7
USW00012919;BROWNSVILLE S PADRE ISLAND INTERNATIONAL AIRPORT, TX US;25.9141;-97.423;7,3;31.08.1995;1,9
USW00012917;PORT ARTHUR SE TX REGIONAL AIRPORT, TX US;29.95056;-94.02056;4,9;01.08.1995;3,1
USW00012917;PORT ARTHUR SE TX REGIONAL AIRPORT, TX US;29.95056;-94.02056;4,9;02.08.1995;3,3
USW00012917;PORT ARTHUR SE TX REGIONAL AIRPORT, TX US;29.95056;-94.02056;4,9;03.08.1995;2,3
USW00012917;PORT ARTHUR SE TX REGIONAL AIRPORT, TX US;29.95056;-94.02056;4,9;04.08.1995;3,1
USW00012917;PORT ARTHUR SE TX REGIONAL AIRPORT, TX US;29.95056;-94.02056;4,9;05.08.1995;1,4
USW00012917;PORT ARTHUR SE TX REGIONAL AIRPORT, TX US;29.95056;-94.02056;4,9;06.08.1995;3,3
USW00012917;PORT ARTHUR SE TX REGIONAL AIRPORT, TX US;29.95056;-94.02056;4,9;07.08.1995;2,7
USW00012917;PORT ARTHUR SE TX REGIONAL AIRPORT, TX US;29.95056;-94.02056;4,9;08.08.1995;2,1
USW00012917;PORT ARTHUR SE TX REGIONAL AIRPORT, TX US;29.95056;-94.02056;4,9;09.08.1995;2,1
USW00012917;PORT ARTHUR SE TX REGIONAL AIRPORT, TX US;29.95056;-94.02056;4,9;10.08.1995;2,5
USW00012917;PORT ARTHUR SE TX REGIONAL AIRPORT, TX US;29.95056;-94.02056;4,9;11.08.1995;3,5
USW00012917;PORT ARTHUR SE TX REGIONAL AIRPORT, TX US;29.95056;-94.02056;4,9;12.08.1995;2,4
USW00012917;PORT ARTHUR SE TX REGIONAL AIRPORT, TX US;29.95056;-94.02056;4,9;13.08.1995;1,6
USW00012917;PORT ARTHUR SE TX REGIONAL AIRPORT, TX US;29.95056;-94.02056;4,9;14.08.1995;1,6
USW00012917;PORT ARTHUR SE TX REGIONAL AIRPORT, TX US;29.95056;-94.02056;4,9;15.08.1995;2
USW00012917;PORT ARTHUR SE TX REGIONAL AIRPORT, TX US;29.95056;-94.02056;4,9;16.08.1995;1,4
USW00012917;PORT ARTHUR SE TX REGIONAL AIRPORT, TX US;29.95056;-94.02056;4,9;17.08.1995;1,7
USW00012917;PORT ARTHUR SE TX REGIONAL AIRPORT, TX US;29.95056;-94.02056;4,9;18.08.1995;2,2
USW00012917;PORT ARTHUR SE TX REGIONAL AIRPORT, TX US;29.95056;-94.02056;4,9;19.08.1995;1,8
USW00012917;PORT ARTHUR SE TX REGIONAL AIRPORT, TX US;29.95056;-94.02056;4,9;20.08.1995;2,4
USW00012917;PORT ARTHUR SE TX REGIONAL AIRPORT, TX US;29.95056;-94.02056;4,9;21.08.1995;1,9
USW00012917;PORT ARTHUR SE TX REGIONAL AIRPORT, TX US;29.95056;-94.02056;4,9;22.08.1995;2,8
USW00012917;PORT ARTHUR SE TX REGIONAL AIRPORT, TX US;29.95056;-94.02056;4,9;23.08.1995;2,9
USW00012917;PORT ARTHUR SE TX REGIONAL AIRPORT, TX US;29.95056;-94.02056;4,9;24.08.1995;2,1
USW00012917;PORT ARTHUR SE TX REGIONAL AIRPORT, TX US;29.95056;-94.02056;4,9;25.08.1995;2
USW00012917;PORT ARTHUR SE TX REGIONAL AIRPORT, TX US;29.95056;-94.02056;4,9;26.08.1995;2
USW00012917;PORT ARTHUR SE TX REGIONAL AIRPORT, TX US;29.95056;-94.02056;4,9;27.08.1995;1,7
USW00012917;PORT ARTHUR SE TX REGIONAL AIRPORT, TX US;29.95056;-94.02056;4,9;28.08.1995;2
USW00012917;PORT ARTHUR SE TX REGIONAL AIRPORT, TX US;29.95056;-94.02056;4,9;29.08.1995;2
USW00012917;PORT ARTHUR SE TX REGIONAL AIRPORT, TX US;29.95056;-94.02056;4,9;30.08.1995;2,1
USW00012917;PORT ARTHUR SE TX REGIONAL AIRPORT, TX US;29.95056;-94.02056;4,9;31.08.1995;2,3
USW00012912;VICTORIA REGIONAL AIRPORT, TX US;28.8614;-96.9303;35,1;01.08.1995;4,2
USW00012912;VICTORIA REGIONAL AIRPORT, TX US;28.8614;-96.9303;35,1;02.08.1995;3
USW00012912;VICTORIA REGIONAL AIRPORT, TX US;28.8614;-96.9303;35,1;03.08.1995;2,7
USW00012912;VICTORIA REGIONAL AIRPORT, TX US;28.8614;-96.9303;35,1;04.08.1995;1,9
USW00012912;VICTORIA REGIONAL AIRPORT, TX US;28.8614;-96.9303;35,1;05.08.1995;2,6
USW00012912;VICTORIA REGIONAL AIRPORT, TX US;28.8614;-96.9303;35,1;06.08.1995;3
USW00012912;VICTORIA REGIONAL AIRPORT, TX US;28.8614;-96.9303;35,1;07.08.1995;2,6
USW00012912;VICTORIA REGIONAL AIRPORT, TX US;28.8614;-96.9303;35,1;08.08.1995;4
USW00012912;VICTORIA REGIONAL AIRPORT, TX US;28.8614;-96.9303;35,1;09.08.1995;4,7
USW00012912;VICTORIA REGIONAL AIRPORT, TX US;28.8614;-96.9303;35,1;10.08.1995;4,7
USW00012912;VICTORIA REGIONAL AIRPORT, TX US;28.8614;-96.9303;35,1;11.08.1995;4,6
USW00012912;VICTORIA REGIONAL AIRPORT, TX US;28.8614;-96.9303;35,1;12.08.1995;3,1
USW00012912;VICTORIA REGIONAL AIRPORT, TX US;28.8614;-96.9303;35,1;13.08.1995;3
USW00012912;VICTORIA REGIONAL AIRPORT, TX US;28.8614;-96.9303;35,1;14.08.1995;3,4
USW00012912;VICTORIA REGIONAL AIRPORT, TX US;28.8614;-96.9303;35,1;15.08.1995;4,2
USW00012912;VICTORIA REGIONAL AIRPORT, TX US;28.8614;-96.9303;35,1;16.08.1995;3,1
USW00012912;VICTORIA REGIONAL AIRPORT, TX US;28.8614;-96.9303;35,1;17.08.1995;3
USW00012912;VICTORIA REGIONAL AIRPORT, TX US;28.8614;-96.9303;35,1;18.08.1995;2,2
USW00012912;VICTORIA REGIONAL AIRPORT, TX US;28.8614;-96.9303;35,1;19.08.1995;2,6
USW00012912;VICTORIA REGIONAL AIRPORT, TX US;28.8614;-96.9303;35,1;20.08.1995;2,1
USW00012912;VICTORIA REGIONAL AIRPORT, TX US;28.8614;-96.9303;35,1;21.08.1995;2,6
USW00012912;VICTORIA REGIONAL AIRPORT, TX US;28.8614;-96.9303;35,1;22.08.1995;2,7
USW00012912;VICTORIA REGIONAL AIRPORT, TX US;28.8614;-96.9303;35,1;23.08.1995;2,9
USW00012912;VICTORIA REGIONAL AIRPORT, TX US;28.8614;-96.9303;35,1;24.08.1995;3,2
USW00012912;VICTORIA REGIONAL AIRPORT, TX US;28.8614;-96.9303;35,1;25.08.1995;2
USW00012912;VICTORIA REGIONAL AIRPORT, TX US;28.8614;-96.9303;35,1;26.08.1995;2,1
USW00012912;VICTORIA REGIONAL AIRPORT, TX US;28.8614;-96.9303;35,1;27.08.1995;2,2
USW00012912;VICTORIA REGIONAL AIRPORT, TX US;28.8614;-96.9303;35,1;28.08.1995;2,2
USW00012912;VICTORIA REGIONAL AIRPORT, TX US;28.8614;-96.9303;35,1;29.08.1995;1,7
USW00012912;VICTORIA REGIONAL AIRPORT, TX US;28.8614;-96.9303;35,1;30.08.1995;3,2
USW00012912;VICTORIA REGIONAL AIRPORT, TX US;28.8614;-96.9303;35,1;31.08.1995;2,7
USW00012921;SAN ANTONIO INTERNATIONAL AIRPORT, TX US;29.5443;-98.4839;240,5;01.08.1995;3,4
USW00012921;SAN ANTONIO INTERNATIONAL AIRPORT, TX US;29.5443;-98.4839;240,5;02.08.1995;4
USW00012921;SAN ANTONIO INTERNATIONAL AIRPORT, TX US;29.5443;-98.4839;240,5;03.08.1995;3,5
USW00012921;SAN ANTONIO INTERNATIONAL AIRPORT, TX US;29.5443;-98.4839;240,5;04.08.1995;3,2
USW00012921;SAN ANTONIO INTERNATIONAL AIRPORT, TX US;29.5443;-98.4839;240,5;05.08.1995;3
USW00012921;SAN ANTONIO INTERNATIONAL AIRPORT, TX US;29.5443;-98.4839;240,5;06.08.1995;3,1
USW00012921;SAN ANTONIO INTERNATIONAL AIRPORT, TX US;29.5443;-98.4839;240,5;07.08.1995;3,2
USW00012921;SAN ANTONIO INTERNATIONAL AIRPORT, TX US;29.5443;-98.4839;240,5;08.08.1995;4,6
USW00012921;SAN ANTONIO INTERNATIONAL AIRPORT, TX US;29.5443;-98.4839;240,5;09.08.1995;3,9
USW00012921;SAN ANTONIO INTERNATIONAL AIRPORT, TX US;29.5443;-98.4839;240,5;10.08.1995;3,6
USW00012921;SAN ANTONIO INTERNATIONAL AIRPORT, TX US;29.5443;-98.4839;240,5;11.08.1995;4,4
USW00012921;SAN ANTONIO INTERNATIONAL AIRPORT, TX US;29.5443;-98.4839;240,5;12.08.1995;3,8
USW00012921;SAN ANTONIO INTERNATIONAL AIRPORT, TX US;29.5443;-98.4839;240,5;13.08.1995;3,8
USW00012921;SAN ANTONIO INTERNATIONAL AIRPORT, TX US;29.5443;-98.4839;240,5;14.08.1995;5,1
USW00012921;SAN ANTONIO INTERNATIONAL AIRPORT, TX US;29.5443;-98.4839;240,5;15.08.1995;5,2
USW00012921;SAN ANTONIO INTERNATIONAL AIRPORT, TX US;29.5443;-98.4839;240,5;16.08.1995;4,6
USW00012921;SAN ANTONIO INTERNATIONAL AIRPORT, TX US;29.5443;-98.4839;240,5;17.08.1995;4,2
USW00012921;SAN ANTONIO INTERNATIONAL AIRPORT, TX US;29.5443;-98.4839;240,5;18.08.1995;2,8
USW00012921;SAN ANTONIO INTERNATIONAL AIRPORT, TX US;29.5443;-98.4839;240,5;19.08.1995;2,6
USW00012921;SAN ANTONIO INTERNATIONAL AIRPORT, TX US;29.5443;-98.4839;240,5;20.08.1995;2,2
USW00012921;SAN ANTONIO INTERNATIONAL AIRPORT, TX US;29.5443;-98.4839;240,5;21.08.1995;2
USW00012921;SAN ANTONIO INTERNATIONAL AIRPORT, TX US;29.5443;-98.4839;240,5;22.08.1995;3,9
USW00012921;SAN ANTONIO INTERNATIONAL AIRPORT, TX US;29.5443;-98.4839;240,5;23.08.1995;2,9
USW00012921;SAN ANTONIO INTERNATIONAL AIRPORT, TX US;29.5443;-98.4839;240,5;24.08.1995;2
USW00012921;SAN ANTONIO INTERNATIONAL AIRPORT, TX US;29.5443;-98.4839;240,5;25.08.1995;2,3
USW00012921;SAN ANTONIO INTERNATIONAL AIRPORT, TX US;29.5443;-98.4839;240,5;26.08.1995;2,5
USW00012921;SAN ANTONIO INTERNATIONAL AIRPORT, TX US;29.5443;-98.4839;240,5;27.08.1995;1,8
USW00012921;SAN ANTONIO INTERNATIONAL AIRPORT, TX US;29.5443;-98.4839;240,5;28.08.1995;1,8
USW00012921;SAN ANTONIO INTERNATIONAL AIRPORT, TX US;29.5443;-98.4839;240,5;29.08.1995;1,5
USW00012921;SAN ANTONIO INTERNATIONAL AIRPORT, TX US;29.5443;-98.4839;240,5;30.08.1995;2,3
USW00012921;SAN ANTONIO INTERNATIONAL AIRPORT, TX US;29.5443;-98.4839;240,5;31.08.1995;2,8
USW00012960;HOUSTON INTERCONTINENTAL AIRPORT, TX US;29.98;-95.36;29;01.08.1995;3,6
USW00012960;HOUSTON INTERCONTINENTAL AIRPORT, TX US;29.98;-95.36;29;02.08.1995;2,6
USW00012960;HOUSTON INTERCONTINENTAL AIRPORT, TX US;29.98;-95.36;29;03.08.1995;1,1
USW00012960;HOUSTON INTERCONTINENTAL AIRPORT, TX US;29.98;-95.36;29;04.08.1995;2,6
USW00012960;HOUSTON INTERCONTINENTAL AIRPORT, TX US;29.98;-95.36;29;05.08.1995;2,7
USW00012960;HOUSTON INTERCONTINENTAL AIRPORT, TX US;29.98;-95.36;29;06.08.1995;3
USW00012960;HOUSTON INTERCONTINENTAL AIRPORT, TX US;29.98;-95.36;29;07.08.1995;2,9
USW00012960;HOUSTON INTERCONTINENTAL AIRPORT, TX US;29.98;-95.36;29;08.08.1995;2,7
USW00012960;HOUSTON INTERCONTINENTAL AIRPORT, TX US;29.98;-95.36;29;09.08.1995;3,4
USW00012960;HOUSTON INTERCONTINENTAL AIRPORT, TX US;29.98;-95.36;29;10.08.1995;3
USW00012960;HOUSTON INTERCONTINENTAL AIRPORT, TX US;29.98;-95.36;29;11.08.1995;3,9
USW00012960;HOUSTON INTERCONTINENTAL AIRPORT, TX US;29.98;-95.36;29;12.08.1995;2,5
USW00012960;HOUSTON INTERCONTINENTAL AIRPORT, TX US;29.98;-95.36;29;13.08.1995;2,7
USW00012960;HOUSTON INTERCONTINENTAL AIRPORT, TX US;29.98;-95.36;29;14.08.1995;2,4
USW00012960;HOUSTON INTERCONTINENTAL AIRPORT, TX US;29.98;-95.36;29;15.08.1995;2,4
USW00012960;HOUSTON INTERCONTINENTAL AIRPORT, TX US;29.98;-95.36;29;16.08.1995;1,3
USW00012960;HOUSTON INTERCONTINENTAL AIRPORT, TX US;29.98;-95.36;29;17.08.1995;2
USW00012960;HOUSTON INTERCONTINENTAL AIRPORT, TX US;29.98;-95.36;29;18.08.1995;1,7
USW00012960;HOUSTON INTERCONTINENTAL AIRPORT, TX US;29.98;-95.36;29;19.08.1995;1,8
USW00012960;HOUSTON INTERCONTINENTAL AIRPORT, TX US;29.98;-95.36;29;20.08.1995;1,7
USW00012960;HOUSTON INTERCONTINENTAL AIRPORT, TX US;29.98;-95.36;29;21.08.1995;2,6
USW00012960;HOUSTON INTERCONTINENTAL AIRPORT, TX US;29.98;-95.36;29;22.08.1995;2,7
USW00012960;HOUSTON INTERCONTINENTAL AIRPORT, TX US;29.98;-95.36;29;23.08.1995;2,4
USW00012960;HOUSTON INTERCONTINENTAL AIRPORT, TX US;29.98;-95.36;29;24.08.1995;2,2
USW00012960;HOUSTON INTERCONTINENTAL AIRPORT, TX US;29.98;-95.36;29;25.08.1995;1,6
USW00012960;HOUSTON INTERCONTINENTAL AIRPORT, TX US;29.98;-95.36;29;26.08.1995;2,1
USW00012960;HOUSTON INTERCONTINENTAL AIRPORT, TX US;29.98;-95.36;29;27.08.1995;2,1
USW00012960;HOUSTON INTERCONTINENTAL AIRPORT, TX US;29.98;-95.36;29;28.08.1995;1,7
USW00012960;HOUSTON INTERCONTINENTAL AIRPORT, TX US;29.98;-95.36;29;29.08.1995;1,6
USW00012960;HOUSTON INTERCONTINENTAL AIRPORT, TX US;29.98;-95.36;29;30.08.1995;2,4
USW00012960;HOUSTON INTERCONTINENTAL AIRPORT, TX US;29.98;-95.36;29;31.08.1995;2,2
USW00012928;KINGSVILLE NAAS, TX US;27.5;-97.81667;17,1;01.08.1995;3
USW00012928;KINGSVILLE NAAS, TX US;27.5;-97.81667;17,1;02.08.1995;3
USW00012928;KINGSVILLE NAAS, TX US;27.5;-97.81667;17,1;03.08.1995;2,5
USW00012928;KINGSVILLE NAAS, TX US;27.5;-97.81667;17,1;04.08.1995;2,1
USW00012928;KINGSVILLE NAAS, TX US;27.5;-97.81667;17,1;05.08.1995;2,3
USW00012928;KINGSVILLE NAAS, TX US;27.5;-97.81667;17,1;06.08.1995;2,8
USW00012928;KINGSVILLE NAAS, TX US;27.5;-97.81667;17,1;07.08.1995;3
USW00012928;KINGSVILLE NAAS, TX US;27.5;-97.81667;17,1;08.08.1995;3
USW00012928;KINGSVILLE NAAS, TX US;27.5;-97.81667;17,1;09.08.1995;4,2
USW00012928;KINGSVILLE NAAS, TX US;27.5;-97.81667;17,1;10.08.1995;3,5
USW00012928;KINGSVILLE NAAS, TX US;27.5;-97.81667;17,1;11.08.1995;2,8
USW00012928;KINGSVILLE NAAS, TX US;27.5;-97.81667;17,1;12.08.1995;1,8
USW00012928;KINGSVILLE NAAS, TX US;27.5;-97.81667;17,1;13.08.1995;2,6
USW00012928;KINGSVILLE NAAS, TX US;27.5;-97.81667;17,1;14.08.1995;3,5
USW00012928;KINGSVILLE NAAS, TX US;27.5;-97.81667;17,1;15.08.1995;4,4
USW00012928;KINGSVILLE NAAS, TX US;27.5;-97.81667;17,1;16.08.1995;3,3
USW00012928;KINGSVILLE NAAS, TX US;27.5;-97.81667;17,1;17.08.1995;3,1
USW00012928;KINGSVILLE NAAS, TX US;27.5;-97.81667;17,1;18.08.1995;1,6
USW00012928;KINGSVILLE NAAS, TX US;27.5;-97.81667;17,1;19.08.1995;1,6
USW00012928;KINGSVILLE NAAS, TX US;27.5;-97.81667;17,1;20.08.1995;1,6
USW00012928;KINGSVILLE NAAS, TX US;27.5;-97.81667;17,1;21.08.1995;2,2
USW00012928;KINGSVILLE NAAS, TX US;27.5;-97.81667;17,1;22.08.1995;2,2
USW00012928;KINGSVILLE NAAS, TX US;27.5;-97.81667;17,1;23.08.1995;2,8
USW00012928;KINGSVILLE NAAS, TX US;27.5;-97.81667;17,1;24.08.1995;1,5
USW00012928;KINGSVILLE NAAS, TX US;27.5;-97.81667;17,1;25.08.1995;2
USW00012928;KINGSVILLE NAAS, TX US;27.5;-97.81667;17,1;26.08.1995;1,3
USW00012928;KINGSVILLE NAAS, TX US;27.5;-97.81667;17,1;27.08.1995;1,4
USW00012928;KINGSVILLE NAAS, TX US;27.5;-97.81667;17,1;28.08.1995;1,8
USW00012928;KINGSVILLE NAAS, TX US;27.5;-97.81667;17,1;29.08.1995;1,8
USW00012928;KINGSVILLE NAAS, TX US;27.5;-97.81667;17,1;30.08.1995;1,5
USW00012928;KINGSVILLE NAAS, TX US;27.5;-97.81667;17,1;31.08.1995;2,1
USW00012926;CORPUS CHRISTI NAS, TX US;27.68333;-97.28333;5,5;01.08.1995;5,2
USW00012926;CORPUS CHRISTI NAS, TX US;27.68333;-97.28333;5,5;02.08.1995;4,3
USW00012926;CORPUS CHRISTI NAS, TX US;27.68333;-97.28333;5,5;03.08.1995;4,2
USW00012926;CORPUS CHRISTI NAS, TX US;27.68333;-97.28333;5,5;04.08.1995;3,6
USW00012926;CORPUS CHRISTI NAS, TX US;27.68333;-97.28333;5,5;05.08.1995;3,8
USW00012926;CORPUS CHRISTI NAS, TX US;27.68333;-97.28333;5,5;06.08.1995;4
USW00012926;CORPUS CHRISTI NAS, TX US;27.68333;-97.28333;5,5;07.08.1995;4,2
USW00012926;CORPUS CHRISTI NAS, TX US;27.68333;-97.28333;5,5;08.08.1995;5,2
USW00012926;CORPUS CHRISTI NAS, TX US;27.68333;-97.28333;5,5;09.08.1995;6,8
USW00012926;CORPUS CHRISTI NAS, TX US;27.68333;-97.28333;5,5;10.08.1995;6,1
USW00012926;CORPUS CHRISTI NAS, TX US;27.68333;-97.28333;5,5;11.08.1995;5,5
USW00012926;CORPUS CHRISTI NAS, TX US;27.68333;-97.28333;5,5;12.08.1995;4,1
USW00012926;CORPUS CHRISTI NAS, TX US;27.68333;-97.28333;5,5;13.08.1995;3,4
USW00012926;CORPUS CHRISTI NAS, TX US;27.68333;-97.28333;5,5;14.08.1995;4,6
USW00012926;CORPUS CHRISTI NAS, TX US;27.68333;-97.28333;5,5;15.08.1995;5,3
USW00012926;CORPUS CHRISTI NAS, TX US;27.68333;-97.28333;5,5;16.08.1995;4,2
USW00012926;CORPUS CHRISTI NAS, TX US;27.68333;-97.28333;5,5;17.08.1995;3,5
USW00012926;CORPUS CHRISTI NAS, TX US;27.68333;-97.28333;5,5;18.08.1995;3
USW00012926;CORPUS CHRISTI NAS, TX US;27.68333;-97.28333;5,5;19.08.1995;2,5
USW00012926;CORPUS CHRISTI NAS, TX US;27.68333;-97.28333;5,5;20.08.1995;2,6
USW00012926;CORPUS CHRISTI NAS, TX US;27.68333;-97.28333;5,5;21.08.1995;2,5
USW00012926;CORPUS CHRISTI NAS, TX US;27.68333;-97.28333;5,5;22.08.1995;3
USW00012926;CORPUS CHRISTI NAS, TX US;27.68333;-97.28333;5,5;23.08.1995;3,9
USW00012926;CORPUS CHRISTI NAS, TX US;27.68333;-97.28333;5,5;24.08.1995;3
USW00012926;CORPUS CHRISTI NAS, TX US;27.68333;-97.28333;5,5;25.08.1995;2,8
USW00012926;CORPUS CHRISTI NAS, TX US;27.68333;-97.28333;5,5;26.08.1995;2,3
USW00012926;CORPUS CHRISTI NAS, TX US;27.68333;-97.28333;5,5;27.08.1995;2,5
USW00012926;CORPUS CHRISTI NAS, TX US;27.68333;-97.28333;5,5;28.08.1995;2,4
USW00012926;CORPUS CHRISTI NAS, TX US;27.68333;-97.28333;5,5;29.08.1995;2,4
USW00012926;CORPUS CHRISTI NAS, TX US;27.68333;-97.28333;5,5;30.08.1995;2,8
USW00012926;CORPUS CHRISTI NAS, TX US;27.68333;-97.28333;5,5;31.08.1995;3
USW00012924;CORPUS CHRISTI INTERNATIONAL AIRPORT, TX US;27.7742;-97.5122;13,4;01.08.1995;5,1
USW00012924;CORPUS CHRISTI INTERNATIONAL AIRPORT, TX US;27.7742;-97.5122;13,4;02.08.1995;4,6
USW00012924;CORPUS CHRISTI INTERNATIONAL AIRPORT, TX US;27.7742;-97.5122;13,4;03.08.1995;4,2
USW00012924;CORPUS CHRISTI INTERNATIONAL AIRPORT, TX US;27.7742;-97.5122;13,4;04.08.1995;3,5
USW00012924;CORPUS CHRISTI INTERNATIONAL AIRPORT, TX US;27.7742;-97.5122;13,4;05.08.1995;3,7
USW00012924;CORPUS CHRISTI INTERNATIONAL AIRPORT, TX US;27.7742;-97.5122;13,4;06.08.1995;4,5
USW00012924;CORPUS CHRISTI INTERNATIONAL AIRPORT, TX US;27.7742;-97.5122;13,4;07.08.1995;4,7
USW00012924;CORPUS CHRISTI INTERNATIONAL AIRPORT, TX US;27.7742;-97.5122;13,4;08.08.1995;5,4
USW00012924;CORPUS CHRISTI INTERNATIONAL AIRPORT, TX US;27.7742;-97.5122;13,4;09.08.1995;6,6
USW00012924;CORPUS CHRISTI INTERNATIONAL AIRPORT, TX US;27.7742;-97.5122;13,4;10.08.1995;6,1
USW00012924;CORPUS CHRISTI INTERNATIONAL AIRPORT, TX US;27.7742;-97.5122;13,4;11.08.1995;5
USW00012924;CORPUS CHRISTI INTERNATIONAL AIRPORT, TX US;27.7742;-97.5122;13,4;12.08.1995;3,8
USW00012924;CORPUS CHRISTI INTERNATIONAL AIRPORT, TX US;27.7742;-97.5122;13,4;13.08.1995;3,4
USW00012924;CORPUS CHRISTI INTERNATIONAL AIRPORT, TX US;27.7742;-97.5122;13,4;14.08.1995;4,8
USW00012924;CORPUS CHRISTI INTERNATIONAL AIRPORT, TX US;27.7742;-97.5122;13,4;15.08.1995;5,7
USW00012924;CORPUS CHRISTI INTERNATIONAL AIRPORT, TX US;27.7742;-97.5122;13,4;16.08.1995;4,5
USW00012924;CORPUS CHRISTI INTERNATIONAL AIRPORT, TX US;27.7742;-97.5122;13,4;17.08.1995;4,2
USW00012924;CORPUS CHRISTI INTERNATIONAL AIRPORT, TX US;27.7742;-97.5122;13,4;18.08.1995;3,5
USW00012924;CORPUS CHRISTI INTERNATIONAL AIRPORT, TX US;27.7742;-97.5122;13,4;19.08.1995;3,7
USW00012924;CORPUS CHRISTI INTERNATIONAL AIRPORT, TX US;27.7742;-97.5122;13,4;20.08.1995;3,5
USW00012924;CORPUS CHRISTI INTERNATIONAL AIRPORT, TX US;27.7742;-97.5122;13,4;21.08.1995;3,1
USW00012924;CORPUS CHRISTI INTERNATIONAL AIRPORT, TX US;27.7742;-97.5122;13,4;22.08.1995;3,5
USW00012924;CORPUS CHRISTI INTERNATIONAL AIRPORT, TX US;27.7742;-97.5122;13,4;23.08.1995;3,9
USW00012924;CORPUS CHRISTI INTERNATIONAL AIRPORT, TX US;27.7742;-97.5122;13,4;24.08.1995;3,8
USW00012924;CORPUS CHRISTI INTERNATIONAL AIRPORT, TX US;27.7742;-97.5122;13,4;25.08.1995;3,6
USW00012924;CORPUS CHRISTI INTERNATIONAL AIRPORT, TX US;27.7742;-97.5122;13,4;26.08.1995;3,4
USW00012924;CORPUS CHRISTI INTERNATIONAL AIRPORT, TX US;27.7742;-97.5122;13,4;27.08.1995;3,1
USW00012924;CORPUS CHRISTI INTERNATIONAL AIRPORT, TX US;27.7742;-97.5122;13,4;28.08.1995;3,4
USW00012924;CORPUS CHRISTI INTERNATIONAL AIRPORT, TX US;27.7742;-97.5122;13,4;29.08.1995;3,3
USW00012924;CORPUS CHRISTI INTERNATIONAL AIRPORT, TX US;27.7742;-97.5122;13,4;30.08.1995;3,4
USW00012924;CORPUS CHRISTI INTERNATIONAL AIRPORT, TX US;27.7742;-97.5122;13,4;31.08.1995;2,6
USW00013959;WACO REGIONAL AIRPORT, TX US;31.61889;-97.22833;152,4;01.08.1995;5,9
USW00013959;WACO REGIONAL AIRPORT, TX US;31.61889;-97.22833;152,4;02.08.1995;5,9
USW00013959;WACO REGIONAL AIRPORT, TX US;31.61889;-97.22833;152,4;03.08.1995;3
USW00013959;WACO REGIONAL AIRPORT, TX US;31.61889;-97.22833;152,4;04.08.1995;1,4
USW00013959;WACO REGIONAL AIRPORT, TX US;31.61889;-97.22833;152,4;05.08.1995;2,2
USW00013959;WACO REGIONAL AIRPORT, TX US;31.61889;-97.22833;152,4;06.08.1995;4,1
USW00013959;WACO REGIONAL AIRPORT, TX US;31.61889;-97.22833;152,4;07.08.1995;4,6
USW00013959;WACO REGIONAL AIRPORT, TX US;31.61889;-97.22833;152,4;08.08.1995;5,2
USW00013959;WACO REGIONAL AIRPORT, TX US;31.61889;-97.22833;152,4;09.08.1995;3,7
USW00013959;WACO REGIONAL AIRPORT, TX US;31.61889;-97.22833;152,4;10.08.1995;2,1
USW00013959;WACO REGIONAL AIRPORT, TX US;31.61889;-97.22833;152,4;11.08.1995;3,6
USW00013959;WACO REGIONAL AIRPORT, TX US;31.61889;-97.22833;152,4;12.08.1995;4
USW00013959;WACO REGIONAL AIRPORT, TX US;31.61889;-97.22833;152,4;13.08.1995;4
USW00013959;WACO REGIONAL AIRPORT, TX US;31.61889;-97.22833;152,4;14.08.1995;5,5
USW00013959;WACO REGIONAL AIRPORT, TX US;31.61889;-97.22833;152,4;15.08.1995;4,8
USW00013959;WACO REGIONAL AIRPORT, TX US;31.61889;-97.22833;152,4;16.08.1995;4,4
USW00013959;WACO REGIONAL AIRPORT, TX US;31.61889;-97.22833;152,4;17.08.1995;3,8
USW00013959;WACO REGIONAL AIRPORT, TX US;31.61889;-97.22833;152,4;18.08.1995;2,9
USW00013959;WACO REGIONAL AIRPORT, TX US;31.61889;-97.22833;152,4;19.08.1995;1,7
USW00013959;WACO REGIONAL AIRPORT, TX US;31.61889;-97.22833;152,4;20.08.1995;1,8
USW00013959;WACO REGIONAL AIRPORT, TX US;31.61889;-97.22833;152,4;21.08.1995;2,6
USW00013959;WACO REGIONAL AIRPORT, TX US;31.61889;-97.22833;152,4;22.08.1995;2,9
USW00013959;WACO REGIONAL AIRPORT, TX US;31.61889;-97.22833;152,4;23.08.1995;3,2
USW00013959;WACO REGIONAL AIRPORT, TX US;31.61889;-97.22833;152,4;24.08.1995;2
USW00013959;WACO REGIONAL AIRPORT, TX US;31.61889;-97.22833;152,4;25.08.1995;1,5
USW00013959;WACO REGIONAL AIRPORT, TX US;31.61889;-97.22833;152,4;26.08.1995;1,5
USW00013959;WACO REGIONAL AIRPORT, TX US;31.61889;-97.22833;152,4;27.08.1995;1,9
USW00013959;WACO REGIONAL AIRPORT, TX US;31.61889;-97.22833;152,4;28.08.1995;1,7
USW00013959;WACO REGIONAL AIRPORT, TX US;31.61889;-97.22833;152,4;29.08.1995;1,8
USW00013959;WACO REGIONAL AIRPORT, TX US;31.61889;-97.22833;152,4;30.08.1995;2,2
USW00013959;WACO REGIONAL AIRPORT, TX US;31.61889;-97.22833;152,4;31.08.1995;1,6
USW00013958;AUSTIN CAMP MABRY, TX US;30.3208;-97.7604;204,2;01.08.1995;3
USW00013958;AUSTIN CAMP MABRY, TX US;30.3208;-97.7604;204,2;02.08.1995;3,3
USW00013958;AUSTIN CAMP MABRY, TX US;30.3208;-97.7604;204,2;03.08.1995;2,3
USW00013958;AUSTIN CAMP MABRY, TX US;30.3208;-97.7604;204,2;04.08.1995;1,5
USW00013958;AUSTIN CAMP MABRY, TX US;30.3208;-97.7604;204,2;05.08.1995;2
USW00013958;AUSTIN CAMP MABRY, TX US;30.3208;-97.7604;204,2;06.08.1995;2,3
USW00013958;AUSTIN CAMP MABRY, TX US;30.3208;-97.7604;204,2;07.08.1995;2,4
USW00013958;AUSTIN CAMP MABRY, TX US;30.3208;-97.7604;204,2;08.08.1995;3,2
USW00013958;AUSTIN CAMP MABRY, TX US;30.3208;-97.7604;204,2;09.08.1995;2,4
USW00013958;AUSTIN CAMP MABRY, TX US;30.3208;-97.7604;204,2;10.08.1995;2
USW00013958;AUSTIN CAMP MABRY, TX US;30.3208;-97.7604;204,2;11.08.1995;2,5
USW00013958;AUSTIN CAMP MABRY, TX US;30.3208;-97.7604;204,2;12.08.1995;2,3
USW00013958;AUSTIN CAMP MABRY, TX US;30.3208;-97.7604;204,2;13.08.1995;2,5
USW00013958;AUSTIN CAMP MABRY, TX US;30.3208;-97.7604;204,2;14.08.1995;3,8
USW00013958;AUSTIN CAMP MABRY, TX US;30.3208;-97.7604;204,2;15.08.1995;3,3
USW00013958;AUSTIN CAMP MABRY, TX US;30.3208;-97.7604;204,2;16.08.1995;2,8
USW00013958;AUSTIN CAMP MABRY, TX US;30.3208;-97.7604;204,2;17.08.1995;2,9
USW00013958;AUSTIN CAMP MABRY, TX US;30.3208;-97.7604;204,2;18.08.1995;2,1
USW00013958;AUSTIN CAMP MABRY, TX US;30.3208;-97.7604;204,2;19.08.1995;2
USW00013958;AUSTIN CAMP MABRY, TX US;30.3208;-97.7604;204,2;20.08.1995;2
USW00013958;AUSTIN CAMP MABRY, TX US;30.3208;-97.7604;204,2;21.08.1995;2,2
USW00013958;AUSTIN CAMP MABRY, TX US;30.3208;-97.7604;204,2;22.08.1995;3,4
USW00013958;AUSTIN CAMP MABRY, TX US;30.3208;-97.7604;204,2;23.08.1995;2,5
USW00013958;AUSTIN CAMP MABRY, TX US;30.3208;-97.7604;204,2;24.08.1995;1,6
USW00013958;AUSTIN CAMP MABRY, TX US;30.3208;-97.7604;204,2;25.08.1995;2,1
USW00013958;AUSTIN CAMP MABRY, TX US;30.3208;-97.7604;204,2;26.08.1995;1,3
USW00013958;AUSTIN CAMP MABRY, TX US;30.3208;-97.7604;204,2;27.08.1995;1,1
USW00013958;AUSTIN CAMP MABRY, TX US;30.3208;-97.7604;204,2;28.08.1995;1,1
USW00013958;AUSTIN CAMP MABRY, TX US;30.3208;-97.7604;204,2;29.08.1995;1,8
USW00013958;AUSTIN CAMP MABRY, TX US;30.3208;-97.7604;204,2;30.08.1995;2,1
USW00013958;AUSTIN CAMP MABRY, TX US;30.3208;-97.7604;204,2;31.08.1995;1,6
USW00013966;WICHITA FALLS MUNICIPAL AIRPORT, TX US;33.9786;-98.4928;310;01.08.1995;7
USW00013966;WICHITA FALLS MUNICIPAL AIRPORT, TX US;33.9786;-98.4928;310;02.08.1995;6,6
USW00013966;WICHITA FALLS MUNICIPAL AIRPORT, TX US;33.9786;-98.4928;310;03.08.1995;5,1
USW00013966;WICHITA FALLS MUNICIPAL AIRPORT, TX US;33.9786;-98.4928;310;04.08.1995;2
USW00013966;WICHITA FALLS MUNICIPAL AIRPORT, TX US;33.9786;-98.4928;310;05.08.1995;1,8
USW00013966;WICHITA FALLS MUNICIPAL AIRPORT, TX US;33.9786;-98.4928;310;06.08.1995;5,1
USW00013966;WICHITA FALLS MUNICIPAL AIRPORT, TX US;33.9786;-98.4928;310;09.08.1995;5,5
USW00013966;WICHITA FALLS MUNICIPAL AIRPORT, TX US;33.9786;-98.4928;310;10.08.1995;4,7
USW00013966;WICHITA FALLS MUNICIPAL AIRPORT, TX US;33.9786;-98.4928;310;11.08.1995;4,3
USW00013966;WICHITA FALLS MUNICIPAL AIRPORT, TX US;33.9786;-98.4928;310;12.08.1995;5
USW00013966;WICHITA FALLS MUNICIPAL AIRPORT, TX US;33.9786;-98.4928;310;13.08.1995;5,6
USW00013966;WICHITA FALLS MUNICIPAL AIRPORT, TX US;33.9786;-98.4928;310;14.08.1995;5,6
USW00013966;WICHITA FALLS MUNICIPAL AIRPORT, TX US;33.9786;-98.4928;310;15.08.1995;5,1
USW00013966;WICHITA FALLS MUNICIPAL AIRPORT, TX US;33.9786;-98.4928;310;16.08.1995;5,9
USW00013966;WICHITA FALLS MUNICIPAL AIRPORT, TX US;33.9786;-98.4928;310;17.08.1995;5,9
USW00013966;WICHITA FALLS MUNICIPAL AIRPORT, TX US;33.9786;-98.4928;310;18.08.1995;4,6
USW00013966;WICHITA FALLS MUNICIPAL AIRPORT, TX US;33.9786;-98.4928;310;19.08.1995;2,1
USW00013966;WICHITA FALLS MUNICIPAL AIRPORT, TX US;33.9786;-98.4928;310;20.08.1995;2,7
USW00013966;WICHITA FALLS MUNICIPAL AIRPORT, TX US;33.9786;-98.4928;310;21.08.1995;3,2
USW00013966;WICHITA FALLS MUNICIPAL AIRPORT, TX US;33.9786;-98.4928;310;22.08.1995;3,2
USW00013966;WICHITA FALLS MUNICIPAL AIRPORT, TX US;33.9786;-98.4928;310;23.08.1995;3
USW00013966;WICHITA FALLS MUNICIPAL AIRPORT, TX US;33.9786;-98.4928;310;24.08.1995;2,2
USW00013966;WICHITA FALLS MUNICIPAL AIRPORT, TX US;33.9786;-98.4928;310;25.08.1995;3
USW00013966;WICHITA FALLS MUNICIPAL AIRPORT, TX US;33.9786;-98.4928;310;26.08.1995;2,3
USW00013966;WICHITA FALLS MUNICIPAL AIRPORT, TX US;33.9786;-98.4928;310;27.08.1995;2,1
USW00013966;WICHITA FALLS MUNICIPAL AIRPORT, TX US;33.9786;-98.4928;310;28.08.1995;1,7
USW00013966;WICHITA FALLS MUNICIPAL AIRPORT, TX US;33.9786;-98.4928;310;29.08.1995;2,9
USW00013966;WICHITA FALLS MUNICIPAL AIRPORT, TX US;33.9786;-98.4928;310;30.08.1995;4,5
USW00013966;WICHITA FALLS MUNICIPAL AIRPORT, TX US;33.9786;-98.4928;310;31.08.1995;2,5
USW00013962;ABILENE REGIONAL AIRPORT, TX US;32.4105;-99.6822;545,6;01.08.1995;7
USW00013962;ABILENE REGIONAL AIRPORT, TX US;32.4105;-99.6822;545,6;02.08.1995;5,3
USW00013962;ABILENE REGIONAL AIRPORT, TX US;32.4105;-99.6822;545,6;03.08.1995;4
USW00013962;ABILENE REGIONAL AIRPORT, TX US;32.4105;-99.6822;545,6;04.08.1995;3,2
USW00013962;ABILENE REGIONAL AIRPORT, TX US;32.4105;-99.6822;545,6;05.08.1995;2,3
USW00013962;ABILENE REGIONAL AIRPORT, TX US;32.4105;-99.6822;545,6;06.08.1995;4,3
USW00013962;ABILENE REGIONAL AIRPORT, TX US;32.4105;-99.6822;545,6;07.08.1995;3,8
USW00013962;ABILENE REGIONAL AIRPORT, TX US;32.4105;-99.6822;545,6;08.08.1995;4,1
USW00013962;ABILENE REGIONAL AIRPORT, TX US;32.4105;-99.6822;545,6;09.08.1995;5
USW00013962;ABILENE REGIONAL AIRPORT, TX US;32.4105;-99.6822;545,6;10.08.1995;4,2
USW00013962;ABILENE REGIONAL AIRPORT, TX US;32.4105;-99.6822;545,6;11.08.1995;4
USW00013962;ABILENE REGIONAL AIRPORT, TX US;32.4105;-99.6822;545,6;12.08.1995;4,2
USW00013962;ABILENE REGIONAL AIRPORT, TX US;32.4105;-99.6822;545,6;13.08.1995;4,7
USW00013962;ABILENE REGIONAL AIRPORT, TX US;32.4105;-99.6822;545,6;14.08.1995;4,8
USW00013962;ABILENE REGIONAL AIRPORT, TX US;32.4105;-99.6822;545,6;15.08.1995;5,1
USW00013962;ABILENE REGIONAL AIRPORT, TX US;32.4105;-99.6822;545,6;16.08.1995;5
USW00013962;ABILENE REGIONAL AIRPORT, TX US;32.4105;-99.6822;545,6;17.08.1995;4,2
USW00013962;ABILENE REGIONAL AIRPORT, TX US;32.4105;-99.6822;545,6;18.08.1995;4
USW00013962;ABILENE REGIONAL AIRPORT, TX US;32.4105;-99.6822;545,6;19.08.1995;3
USW00013962;ABILENE REGIONAL AIRPORT, TX US;32.4105;-99.6822;545,6;20.08.1995;2,9
USW00013962;ABILENE REGIONAL AIRPORT, TX US;32.4105;-99.6822;545,6;21.08.1995;3,1
USW00013962;ABILENE REGIONAL AIRPORT, TX US;32.4105;-99.6822;545,6;22.08.1995;3,1
USW00013962;ABILENE REGIONAL AIRPORT, TX US;32.4105;-99.6822;545,6;23.08.1995;2,5
USW00013962;ABILENE REGIONAL AIRPORT, TX US;32.4105;-99.6822;545,6;24.08.1995;2,6
USW00013962;ABILENE REGIONAL AIRPORT, TX US;32.4105;-99.6822;545,6;25.08.1995;3
USW00013962;ABILENE REGIONAL AIRPORT, TX US;32.4105;-99.6822;545,6;26.08.1995;3,1
USW00013962;ABILENE REGIONAL AIRPORT, TX US;32.4105;-99.6822;545,6;27.08.1995;2,9
USW00013962;ABILENE REGIONAL AIRPORT, TX US;32.4105;-99.6822;545,6;28.08.1995;2,9
USW00013962;ABILENE REGIONAL AIRPORT, TX US;32.4105;-99.6822;545,6;29.08.1995;3,4
USW00013962;ABILENE REGIONAL AIRPORT, TX US;32.4105;-99.6822;545,6;30.08.1995;3,8
USW00013962;ABILENE REGIONAL AIRPORT, TX US;32.4105;-99.6822;545,6;31.08.1995;3,6
USW00093901;DALLAS HENSLEY FIELD NAS, TX US;32.73333;-96.96667;150;01.08.1995;4,9
USW00093901;DALLAS HENSLEY FIELD NAS, TX US;32.73333;-96.96667;150;02.08.1995;5,4
USW00093901;DALLAS HENSLEY FIELD NAS, TX US;32.73333;-96.96667;150;03.08.1995;3
USW00093901;DALLAS HENSLEY FIELD NAS, TX US;32.73333;-96.96667;150;04.08.1995;1,9
USW00093901;DALLAS HENSLEY FIELD NAS, TX US;32.73333;-96.96667;150;05.08.1995;1,4
USW00093901;DALLAS HENSLEY FIELD NAS, TX US;32.73333;-96.96667;150;06.08.1995;3,9
USW00093901;DALLAS HENSLEY FIELD NAS, TX US;32.73333;-96.96667;150;07.08.1995;4,7
USW00093901;DALLAS HENSLEY FIELD NAS, TX US;32.73333;-96.96667;150;08.08.1995;5,1
USW00093901;DALLAS HENSLEY FIELD NAS, TX US;32.73333;-96.96667;150;09.08.1995;3,7
USW00093901;DALLAS HENSLEY FIELD NAS, TX US;32.73333;-96.96667;150;10.08.1995;1,8
USW00093901;DALLAS HENSLEY FIELD NAS, TX US;32.73333;-96.96667;150;11.08.1995;1,9
USW00093901;DALLAS HENSLEY FIELD NAS, TX US;32.73333;-96.96667;150;12.08.1995;3,4
USW00093901;DALLAS HENSLEY FIELD NAS, TX US;32.73333;-96.96667;150;13.08.1995;4,1
USW00093901;DALLAS HENSLEY FIELD NAS, TX US;32.73333;-96.96667;150;14.08.1995;5,1
USW00093901;DALLAS HENSLEY FIELD NAS, TX US;32.73333;-96.96667;150;15.08.1995;5
USW00093901;DALLAS HENSLEY FIELD NAS, TX US;32.73333;-96.96667;150;16.08.1995;4,2
USW00093901;DALLAS HENSLEY FIELD NAS, TX US;32.73333;-96.96667;150;17.08.1995;3,5
USW00093901;DALLAS HENSLEY FIELD NAS, TX US;32.73333;-96.96667;150;18.08.1995;1,8
USW00093901;DALLAS HENSLEY FIELD NAS, TX US;32.73333;-96.96667;150;19.08.1995;1,7
USW00093901;DALLAS HENSLEY FIELD NAS, TX US;32.73333;-96.96667;150;20.08.1995;1,4
USW00093901;DALLAS HENSLEY FIELD NAS, TX US;32.73333;-96.96667;150;21.08.1995;1,8
USW00093901;DALLAS HENSLEY FIELD NAS, TX US;32.73333;-96.96667;150;22.08.1995;2,9
USW00093901;DALLAS HENSLEY FIELD NAS, TX US;32.73333;-96.96667;150;23.08.1995;2,8
USW00093901;DALLAS HENSLEY FIELD NAS, TX US;32.73333;-96.96667;150;24.08.1995;0,9
USW00093901;DALLAS HENSLEY FIELD NAS, TX US;32.73333;-96.96667;150;25.08.1995;1,1
USW00093901;DALLAS HENSLEY FIELD NAS, TX US;32.73333;-96.96667;150;26.08.1995;0,9
USW00093901;DALLAS HENSLEY FIELD NAS, TX US;32.73333;-96.96667;150;27.08.1995;0,8
USW00093901;DALLAS HENSLEY FIELD NAS, TX US;32.73333;-96.96667;150;28.08.1995;1,3
USW00093901;DALLAS HENSLEY FIELD NAS, TX US;32.73333;-96.96667;150;29.08.1995;0,8
USW00093901;DALLAS HENSLEY FIELD NAS, TX US;32.73333;-96.96667;150;30.08.1995;2,1
USW00093901;DALLAS HENSLEY FIELD NAS, TX US;32.73333;-96.96667;150;31.08.1995;1,8
USW00003927;DAL FTW WSCMO AIRPORT, TX US;32.8978;-97.0189;170,7;01.08.1995;5,7
USW00003927;DAL FTW WSCMO AIRPORT, TX US;32.8978;-97.0189;170,7;02.08.1995;6,2
USW00003927;DAL FTW WSCMO AIRPORT, TX US;32.8978;-97.0189;170,7;03.08.1995;3,4
USW00003927;DAL FTW WSCMO AIRPORT, TX US;32.8978;-97.0189;170,7;04.08.1995;3,1
USW00003927;DAL FTW WSCMO AIRPORT, TX US;32.8978;-97.0189;170,7;05.08.1995;1,9
USW00003927;DAL FTW WSCMO AIRPORT, TX US;32.8978;-97.0189;170,7;06.08.1995;4,4
USW00003927;DAL FTW WSCMO AIRPORT, TX US;32.8978;-97.0189;170,7;07.08.1995;5,1
USW00003927;DAL FTW WSCMO AIRPORT, TX US;32.8978;-97.0189;170,7;08.08.1995;6,6
USW00003927;DAL FTW WSCMO AIRPORT, TX US;32.8978;-97.0189;170,7;09.08.1995;5,1
USW00003927;DAL FTW WSCMO AIRPORT, TX US;32.8978;-97.0189;170,7;10.08.1995;3,6
USW00003927;DAL FTW WSCMO AIRPORT, TX US;32.8978;-97.0189;170,7;11.08.1995;3,2
USW00003927;DAL FTW WSCMO AIRPORT, TX US;32.8978;-97.0189;170,7;12.08.1995;4,8
USW00003927;DAL FTW WSCMO AIRPORT, TX US;32.8978;-97.0189;170,7;13.08.1995;5
USW00003927;DAL FTW WSCMO AIRPORT, TX US;32.8978;-97.0189;170,7;14.08.1995;6,2
USW00003927;DAL FTW WSCMO AIRPORT, TX US;32.8978;-97.0189;170,7;15.08.1995;6,1
USW00003927;DAL FTW WSCMO AIRPORT, TX US;32.8978;-97.0189;170,7;16.08.1995;5,8
USW00003927;DAL FTW WSCMO AIRPORT, TX US;32.8978;-97.0189;170,7;17.08.1995;4,9
USW00003927;DAL FTW WSCMO AIRPORT, TX US;32.8978;-97.0189;170,7;18.08.1995;3,8
USW00003927;DAL FTW WSCMO AIRPORT, TX US;32.8978;-97.0189;170,7;19.08.1995;4,2
USW00003927;DAL FTW WSCMO AIRPORT, TX US;32.8978;-97.0189;170,7;20.08.1995;3,2
USW00003927;DAL FTW WSCMO AIRPORT, TX US;32.8978;-97.0189;170,7;21.08.1995;3,7
USW00003927;DAL FTW WSCMO AIRPORT, TX US;32.8978;-97.0189;170,7;22.08.1995;4,1
USW00003927;DAL FTW WSCMO AIRPORT, TX US;32.8978;-97.0189;170,7;23.08.1995;3,7
USW00003927;DAL FTW WSCMO AIRPORT, TX US;32.8978;-97.0189;170,7;24.08.1995;2,8
USW00003927;DAL FTW WSCMO AIRPORT, TX US;32.8978;-97.0189;170,7;25.08.1995;2,8
USW00003927;DAL FTW WSCMO AIRPORT, TX US;32.8978;-97.0189;170,7;26.08.1995;2,3
USW00003927;DAL FTW WSCMO AIRPORT, TX US;32.8978;-97.0189;170,7;27.08.1995;2,4
USW00003927;DAL FTW WSCMO AIRPORT, TX US;32.8978;-97.0189;170,7;28.08.1995;3,1
USW00003927;DAL FTW WSCMO AIRPORT, TX US;32.8978;-97.0189;170,7;29.08.1995;2,6
USW00003927;DAL FTW WSCMO AIRPORT, TX US;32.8978;-97.0189;170,7;30.08.1995;3,5
USW00003927;DAL FTW WSCMO AIRPORT, TX US;32.8978;-97.0189;170,7;31.08.1995;2,6
